
<KID>
  <UID>000000008</UID>
  <FIRST_NAME>Justice</FIRST_NAME>
  <LAST_NAME>Cordova</LAST_NAME>
  <AGE>4</AGE>
  <PRIMARY_LANGUAGE>ENG</PRIMARY_LANGUAGE>
  <GAME_LANGUAGE>ENG</GAME_LANGUAGE>
  <FIRST_TIME>true</FIRST_TIME>
  <BUBBLE_STATUS>
    <BUBBLE>
      <BUBBLE_ID>IdentifyDiceDots_1</BUBBLE_ID>
      <STATUS>NotPlayed</STATUS>
      <ACTIVE>true</ACTIVE>
      <NUM_ATTEMPTS>1</NUM_ATTEMPTS>
    </BUBBLE>
    <BUBBLE>
      <BUBBLE_ID>SpatialSense_1</BUBBLE_ID>
      <STATUS>Enjoy</STATUS>
      <ACTIVE>true</ACTIVE>
      <NUM_ATTEMPTS>2</NUM_ATTEMPTS>
    </BUBBLE>
    <BUBBLE>
      <BUBBLE_ID>Identify5Frame_1</BUBBLE_ID>
      <STATUS>NotPlayed</STATUS>
      <ACTIVE>true</ACTIVE>
      <NUM_ATTEMPTS>1</NUM_ATTEMPTS>
    </BUBBLE>
    <BUBBLE>
      <BUBBLE_ID>IdentifyNumeral_1</BUBBLE_ID>
      <STATUS>NotPlayed</STATUS>
      <ACTIVE>true</ACTIVE>
      <NUM_ATTEMPTS>1</NUM_ATTEMPTS>
    </BUBBLE>
    <BUBBLE>
      <BUBBLE_ID>IdentifyColor_1</BUBBLE_ID>
      <STATUS>Enjoy</STATUS>
      <ACTIVE>true</ACTIVE>
      <NUM_ATTEMPTS>4</NUM_ATTEMPTS>
    </BUBBLE>
    <BUBBLE>
      <BUBBLE_ID>IdentifyShape_1</BUBBLE_ID>
      <STATUS>NotPlayed</STATUS>
      <ACTIVE>true</ACTIVE>
      <NUM_ATTEMPTS>1</NUM_ATTEMPTS>
    </BUBBLE>
    <BUBBLE>
      <BUBBLE_ID>IdentifyFinger_1</BUBBLE_ID>
      <STATUS>Enjoy</STATUS>
      <ACTIVE>true</ACTIVE>
      <NUM_ATTEMPTS>2</NUM_ATTEMPTS>
    </BUBBLE>
    <BUBBLE>
      <BUBBLE_ID>IdentifySize_1</BUBBLE_ID>
      <STATUS>Enjoy</STATUS>
      <ACTIVE>true</ACTIVE>
      <NUM_ATTEMPTS>2</NUM_ATTEMPTS>
    </BUBBLE>
    <BUBBLE>
      <BUBBLE_ID>MatchShape_1</BUBBLE_ID>
      <STATUS>NotPlayed</STATUS>
      <ACTIVE>true</ACTIVE>
      <NUM_ATTEMPTS>1</NUM_ATTEMPTS>
    </BUBBLE>
  </BUBBLE_STATUS>
</KID>