
<KID>
  <UID>000000009</UID>
  <FIRST_NAME>Monserat</FIRST_NAME>
  <LAST_NAME>Macias</LAST_NAME>
  <AGE>4</AGE>
  <PRIMARY_LANGUAGE>SPA</PRIMARY_LANGUAGE>
  <GAME_LANGUAGE>ENG</GAME_LANGUAGE>
  <FIRST_TIME>true</FIRST_TIME>
  <BUBBLE_STATUS>
    <BUBBLE>
      <BUBBLE_ID>IdentifySize_1</BUBBLE_ID>
      <STATUS>Passed</STATUS>
      <ACTIVE>false</ACTIVE>
      <NUM_ATTEMPTS>4</NUM_ATTEMPTS>
    </BUBBLE>
    <BUBBLE>
      <BUBBLE_ID>Identify5Frame_1</BUBBLE_ID>
      <STATUS>Passed</STATUS>
      <ACTIVE>false</ACTIVE>
      <NUM_ATTEMPTS>3</NUM_ATTEMPTS>
    </BUBBLE>
    <BUBBLE>
      <BUBBLE_ID>MatchShape_1</BUBBLE_ID>
      <STATUS>Passed</STATUS>
      <ACTIVE>false</ACTIVE>
      <NUM_ATTEMPTS>3</NUM_ATTEMPTS>
    </BUBBLE>
    <BUBBLE>
      <BUBBLE_ID>SpatialSense_1</BUBBLE_ID>
      <STATUS>Passed</STATUS>
      <ACTIVE>false</ACTIVE>
      <NUM_ATTEMPTS>3</NUM_ATTEMPTS>
    </BUBBLE>
    <BUBBLE>
      <BUBBLE_ID>IdentifyColor_1</BUBBLE_ID>
      <STATUS>Passed</STATUS>
      <ACTIVE>false</ACTIVE>
      <NUM_ATTEMPTS>6</NUM_ATTEMPTS>
    </BUBBLE>
    <BUBBLE>
      <BUBBLE_ID>IdentifyShape_1</BUBBLE_ID>
      <STATUS>Passed</STATUS>
      <ACTIVE>false</ACTIVE>
      <NUM_ATTEMPTS>4</NUM_ATTEMPTS>
    </BUBBLE>
    <BUBBLE>
      <BUBBLE_ID>IdentifyNumeral_1</BUBBLE_ID>
      <STATUS>NotPlayed</STATUS>
      <ACTIVE>true</ACTIVE>
      <NUM_ATTEMPTS>1</NUM_ATTEMPTS>
    </BUBBLE>
    <BUBBLE>
      <BUBBLE_ID>IdentifyDiceDots_1</BUBBLE_ID>
      <STATUS>Passed</STATUS>
      <ACTIVE>false</ACTIVE>
      <NUM_ATTEMPTS>3</NUM_ATTEMPTS>
    </BUBBLE>
    <BUBBLE>
      <BUBBLE_ID>IdentifyFinger_1</BUBBLE_ID>
      <STATUS>Passed</STATUS>
      <ACTIVE>false</ACTIVE>
      <NUM_ATTEMPTS>4</NUM_ATTEMPTS>
    </BUBBLE>
    <BUBBLE>
      <BUBBLE_ID>MatchShape_2</BUBBLE_ID>
      <STATUS>Passed</STATUS>
      <ACTIVE>false</ACTIVE>
      <NUM_ATTEMPTS>3</NUM_ATTEMPTS>
    </BUBBLE>
    <BUBBLE>
      <BUBBLE_ID>IdentifyColor_2</BUBBLE_ID>
      <STATUS>Passed</STATUS>
      <ACTIVE>false</ACTIVE>
      <NUM_ATTEMPTS>5</NUM_ATTEMPTS>
    </BUBBLE>
    <BUBBLE>
      <BUBBLE_ID>Identify5Frame_2</BUBBLE_ID>
      <STATUS>NotPlayed</STATUS>
      <ACTIVE>true</ACTIVE>
      <NUM_ATTEMPTS>1</NUM_ATTEMPTS>
    </BUBBLE>
    <BUBBLE>
      <BUBBLE_ID>IdentifyDiceDots_2</BUBBLE_ID>
      <STATUS>Passed</STATUS>
      <ACTIVE>false</ACTIVE>
      <NUM_ATTEMPTS>3</NUM_ATTEMPTS>
    </BUBBLE>
    <BUBBLE>
      <BUBBLE_ID>IdentifyShape_2</BUBBLE_ID>
      <STATUS>NotPlayed</STATUS>
      <ACTIVE>true</ACTIVE>
      <NUM_ATTEMPTS>1</NUM_ATTEMPTS>
    </BUBBLE>
    <BUBBLE>
      <BUBBLE_ID>IdentifySize_2</BUBBLE_ID>
      <STATUS>Passed</STATUS>
      <ACTIVE>false</ACTIVE>
      <NUM_ATTEMPTS>4</NUM_ATTEMPTS>
    </BUBBLE>
    <BUBBLE>
      <BUBBLE_ID>SpatialSense_2</BUBBLE_ID>
      <STATUS>NotPlayed</STATUS>
      <ACTIVE>true</ACTIVE>
      <NUM_ATTEMPTS>1</NUM_ATTEMPTS>
    </BUBBLE>
    <BUBBLE>
      <BUBBLE_ID>CountFinger_3_1</BUBBLE_ID>
      <STATUS>NotPlayed</STATUS>
      <ACTIVE>true</ACTIVE>
      <NUM_ATTEMPTS>1</NUM_ATTEMPTS>
    </BUBBLE>
    <BUBBLE>
      <BUBBLE_ID>IdentifyFinger_2</BUBBLE_ID>
      <STATUS>NotPlayed</STATUS>
      <ACTIVE>true</ACTIVE>
      <NUM_ATTEMPTS>1</NUM_ATTEMPTS>
    </BUBBLE>
    <BUBBLE>
      <BUBBLE_ID>CountDiceDots_3_1</BUBBLE_ID>
      <STATUS>NotPlayed</STATUS>
      <ACTIVE>true</ACTIVE>
      <NUM_ATTEMPTS>1</NUM_ATTEMPTS>
    </BUBBLE>
    <BUBBLE>
      <BUBBLE_ID>Count5Frame_3_1</BUBBLE_ID>
      <STATUS>NotPlayed</STATUS>
      <ACTIVE>true</ACTIVE>
      <NUM_ATTEMPTS>1</NUM_ATTEMPTS>
    </BUBBLE>
    <BUBBLE>
      <BUBBLE_ID>MatchShape_3</BUBBLE_ID>
      <STATUS>NotPlayed</STATUS>
      <ACTIVE>true</ACTIVE>
      <NUM_ATTEMPTS>1</NUM_ATTEMPTS>
    </BUBBLE>
    <BUBBLE>
      <BUBBLE_ID>IdentifyDiceDots_3</BUBBLE_ID>
      <STATUS>NotPlayed</STATUS>
      <ACTIVE>true</ACTIVE>
      <NUM_ATTEMPTS>1</NUM_ATTEMPTS>
    </BUBBLE>
  </BUBBLE_STATUS>
</KID>