
<LOG>
  <creationdate>Tue Jan 25 10:46:04 GMT-0700 2011</creationdate>
  <UID>000000009</UID>
  <FIRST_NAME>Monserat</FIRST_NAME>
  <LAST_NAME>Macias</LAST_NAME>
</LOG>
<session>
<bubble game_id="G1" bubbleName="IdentifyColor" bubbleLevel="1" start="2011-0-02T10:46:25" bubbleStatus="Enjoy" numAttempts="2" globalScore="-1.1073" scoreToEnjoy="-2.4495" scoreToComplete="2.4495" bubbleDuration="108.5" accompanied="false" passCounter="0" failCounter="0" enjoyedCounter="1">
  <task/>
  <task success="true" taskScore="0.7454" globalScore="0.7454" time="6.5" timeFirstMove="6.5" goal="Blue" badMoveCounter="0" numberOfObjects="7" numberOfGoal="2"/>
  <task success="true" taskScore="-1.1547" globalScore="-0.4093" time="47.5" timeFirstMove="4.5" goal="Orange" badMoveCounter="3" numberOfObjects="7" numberOfGoal="1">
    <failed taskScore="-1.1547" time="4.5" goal="Orange" currentMove="Red"/>
    <failed taskScore="-1.1547" time="16.5" goal="Orange" currentMove="Green"/>
    <failed taskScore="-1.1547" time="23.5" goal="Orange" currentMove="Yellow"/>
  </task>
  <task success="true" taskScore="-1.1547" globalScore="-1.564" time="27.5" timeFirstMove="20.5" goal="Green" badMoveCounter="1" numberOfObjects="7" numberOfGoal="1">
    <failed taskScore="-1.1547" time="20.5" goal="Green" currentMove="Red"/>
  </task>
  <task success="true" taskScore="-1.1547" globalScore="-2.7187" time="17.5" timeFirstMove="6.5" goal="Orange" badMoveCounter="1" numberOfObjects="7" numberOfGoal="1">
    <failed taskScore="-1.1547" time="6.5" goal="Orange" currentMove="Red"/>
  </task>
  <task success="true" taskScore="0.7454" globalScore="-1.9733" time="3.25" timeFirstMove="3.25" goal="Yellow" badMoveCounter="0" numberOfObjects="7" numberOfGoal="2"/>
  <bubble_status_changed id="IdentifyColor_1" Status="true" LastOutcome="Enjoy"/>
</bubble>

<session>
<bubble game_id="G2" bubbleName="IdentifyColor" bubbleLevel="1" start="2011-0-01T10:09:43" bubbleStatus="Enjoy" numAttempts="3" globalScore="0.81" scoreToEnjoy="-2.2361" scoreToComplete="2.2361" bubbleDuration="4.5" accompanied="false" passCounter="0" failCounter="0" enjoyedCounter="1">
  <task shapeAttempts="0" success="true" taskScore="0.8165" globalScore="0.8165" time="4.5" timeFirstMove="4.5" goal="Yellow" badMoveCounter="0" numberOfObjects="5" numberOfGoal="1"/>
  <task shapeAttempts="0" success="true" taskScore="-1.291" globalScore="-0.4745" time="0" timeFirstMove="0" goal="Blue" badMoveCounter="1" numberOfObjects="4" numberOfGoal="1">
    <failed taskScore="-1.291" time="0" goal="Blue" currentMove="Green"/>
  </task>
  <task shapeAttempts="0" success="true" taskScore="0.7071" globalScore="0.2326" time="0" timeFirstMove="0" goal="Red" badMoveCounter="0" numberOfObjects="3" numberOfGoal="1"/>
  <task shapeAttempts="0" success="true" taskScore="0.5774" globalScore="0.81" time="0" timeFirstMove="0" goal="Orange" badMoveCounter="0" numberOfObjects="2" numberOfGoal="1"/>
</bubble>

<bubble game_id="G2" bubbleName="IdentifyColor" bubbleLevel="1" start="2011-0-01T10:10:31" bubbleStatus="Enjoy" numAttempts="4" globalScore="1.8506" scoreToEnjoy="-2.6458" scoreToComplete="2.6458" bubbleDuration="27.5" accompanied="false" passCounter="0" failCounter="0" enjoyedCounter="2">
  <task shapeAttempts="0" success="true" taskScore="-1.1547" globalScore="-1.1547" time="27.5" timeFirstMove="17" goal="Green" badMoveCounter="1" numberOfObjects="7" numberOfGoal="1">
    <failed taskScore="-1.1547" time="17" goal="Green" currentMove="Red"/>
  </task>
  <task shapeAttempts="0" success="true" taskScore="0.7071" globalScore="-0.4476" time="0" timeFirstMove="0" goal="Yellow" badMoveCounter="0" numberOfObjects="6" numberOfGoal="2"/>
  <task shapeAttempts="0" success="true" taskScore="0.8165" globalScore="0.3689" time="0" timeFirstMove="0" goal="Orange" badMoveCounter="0" numberOfObjects="5" numberOfGoal="1"/>
  <task shapeAttempts="0" success="true" taskScore="0.7746" globalScore="1.1435" time="0" timeFirstMove="0" goal="Yellow" badMoveCounter="0" numberOfObjects="4" numberOfGoal="1"/>
  <task shapeAttempts="0" success="true" taskScore="0.7071" globalScore="1.8506" time="0" timeFirstMove="0" goal="Blue" badMoveCounter="0" numberOfObjects="3" numberOfGoal="1"/>
  <task shapeAttempts="1" success="true" taskScore="0" globalScore="1.8506" time="0" timeFirstMove="0" goal="Red" badMoveCounter="0" numberOfObjects="2" numberOfGoal="2"/>
</bubble>

<bubble game_id="G2" bubbleName="MatchShape" bubbleLevel="1" start="2011-0-01T10:11:50" bubbleStatus="Passed" numAttempts="3" globalScore="5.6568" scoreToEnjoy="-2.8284" scoreToComplete="2.8284" bubbleDuration="26" accompanied="false" passCounter="2" failCounter="0" enjoyedCounter="0">
  <task shapeAttempts="0" success="true" taskScore="0.7071" globalScore="0.7071" time="26" timeFirstMove="26" goal="Circle" badMoveCounter="0" numberOfObjects="3" numberOfGoal="1"/>
  <task shapeAttempts="0" success="true" taskScore="0.7071" globalScore="1.4142" time="0" timeFirstMove="0" goal="Rectangle" badMoveCounter="0" numberOfObjects="3" numberOfGoal="1"/>
  <task shapeAttempts="0" success="true" taskScore="0.7071" globalScore="2.1213" time="0" timeFirstMove="0" goal="Rectangle" badMoveCounter="0" numberOfObjects="3" numberOfGoal="1"/>
  <task shapeAttempts="0" success="true" taskScore="0.7071" globalScore="2.8284" time="0" timeFirstMove="0" goal="Square" badMoveCounter="0" numberOfObjects="3" numberOfGoal="1"/>
  <task shapeAttempts="0" success="true" taskScore="0.7071" globalScore="3.5355" time="0" timeFirstMove="0" goal="Square" badMoveCounter="0" numberOfObjects="3" numberOfGoal="1"/>
  <task shapeAttempts="0" success="true" taskScore="0.7071" globalScore="4.2426" time="0" timeFirstMove="0" goal="Rectangle" badMoveCounter="0" numberOfObjects="3" numberOfGoal="1"/>
  <task shapeAttempts="0" success="true" taskScore="0.7071" globalScore="4.9497" time="0" timeFirstMove="0" goal="Triangle" badMoveCounter="0" numberOfObjects="3" numberOfGoal="1"/>
  <bubble_status_changed id="MatchShape_1" Status="false" LastOutcome="Passed"/>
</bubble>

<bubble game_id="G3" bubbleName="IdentifyColor" bubbleLevel="1" start="2011-0-01T10:14:20" bubbleStatus="Passed" numAttempts="6" globalScore="4.5854" scoreToEnjoy="-2.4495" scoreToComplete="2.4495" bubbleDuration="0" accompanied="false" passCounter="2" failCounter="0" enjoyedCounter="2">
  <task/>
  <task success="true" taskScore="0.8452" globalScore="0.8452" time="0" timeFirstMove="0" goal="yellow" badMoveCounter="0" numberOfObjects="6" numberOfGoal="1"/>
  <task success="true" taskScore="0.7454" globalScore="1.5906" time="0" timeFirstMove="0" goal="red" badMoveCounter="0" numberOfObjects="7" numberOfGoal="2"/>
  <task success="true" taskScore="0.8165" globalScore="2.4071" time="0" timeFirstMove="0" goal="orange" badMoveCounter="0" numberOfObjects="5" numberOfGoal="1"/>
  <task success="true" taskScore="0.6547" globalScore="3.0618" time="0" timeFirstMove="0" goal="yellow" badMoveCounter="0" numberOfObjects="5" numberOfGoal="2"/>
  <task success="true" taskScore="0.8165" globalScore="3.8783" time="0" timeFirstMove="0" goal="orange" badMoveCounter="0" numberOfObjects="5" numberOfGoal="1"/>
  <bubble_status_changed id="IdentifyColor_1" Status="false" LastOutcome="Passed"/>
</bubble>

<bubble game_id="G3" bubbleName="IdentifySize" bubbleLevel="1" start="2011-0-01T10:16:02" bubbleStatus="Enjoy" numAttempts="2" globalScore="1.4786" scoreToEnjoy="-2.4495" scoreToComplete="2.4495" bubbleDuration="0" accompanied="false" passCounter="0" failCounter="0" enjoyedCounter="1">
  <task/>
  <task success="true" taskScore="0.7746" globalScore="0.7746" time="0" timeFirstMove="0" goal="yellow" badMoveCounter="0" numberOfObjects="4" numberOfGoal="1"/>
  <task success="true" taskScore="0.5774" globalScore="1.352" time="0" timeFirstMove="0" goal="green" badMoveCounter="0" numberOfObjects="4" numberOfGoal="2"/>
  <task success="true" taskScore="0.7746" globalScore="2.1266" time="0" timeFirstMove="0" goal="blue" badMoveCounter="0" numberOfObjects="4" numberOfGoal="1"/>
  <task success="true" taskScore="0.5774" globalScore="2.704" time="0" timeFirstMove="0" goal="blue" badMoveCounter="0" numberOfObjects="4" numberOfGoal="2"/>
  <task success="true" taskScore="0.7746" globalScore="3.4786" time="0" timeFirstMove="0" goal="blue" badMoveCounter="0" numberOfObjects="4" numberOfGoal="1"/>
  <bubble_status_changed id="IdentifySize_1" Status="true" LastOutcome="Enjoy"/>
</bubble>

<bubble game_id="G1" bubbleName="IdentifyDiceDots" bubbleLevel="1" start="2011-0-01T10:17:54" bubbleStatus="NotPlayed" numAttempts="1" globalScore="1.4712" scoreToEnjoy="-2.6458" scoreToComplete="2.6458" bubbleDuration="9.25" accompanied="false" passCounter="0" failCounter="0" enjoyedCounter="0">
  <task/>
  <task success="true" taskScore="0.6547" globalScore="0.6547" time="3.5" timeFirstMove="3.5" goal="2" badMoveCounter="0" numberOfObjects="5" numberOfGoal="2"/>
  <task success="true" taskScore="0.8165" globalScore="1.4712" time="5.75" timeFirstMove="5.75" goal="3" badMoveCounter="0" numberOfObjects="5" numberOfGoal="1"/>
</bubble>

<session>
<bubble game_id="G1" bubbleName="SpatialSense" bubbleLevel="1" start="2011-0-01T10:18:58" bubbleStatus="NotPlayed" numAttempts="1" globalScore="3" scoreToEnjoy="3" scoreToComplete="4" bubbleDuration="50.75" accompanied="false" passCounter="0" failCounter="0" enjoyedCounter="0">
  <task/>
  <task initialTile="[ x : 8 y : 6 ] " success="true" taskScore="1" globalScore="1" time="18" timeFirstMove="8.5" goal="[ x : 8 y : 2 ] " badMoveCounter="0" numBackTracks="0" lengthOfOptimalPath="4" lengthOfPath="4" distanceFromTarget="0"/>
  <task initialTile="[ x : 7 y : 2 ] " success="true" taskScore="1" globalScore="2" time="8.5" timeFirstMove="3.25" goal="[ x : 7 y : 6 ] " badMoveCounter="0" numBackTracks="0" lengthOfOptimalPath="4" lengthOfPath="4" distanceFromTarget="0"/>
  <task initialTile="[ x : 1 y : 5 ] " success="true" taskScore="1" globalScore="3" time="24.25" timeFirstMove="6.5" goal="[ x : 1 y : 0 ] " badMoveCounter="0" numBackTracks="0" lengthOfOptimalPath="5" lengthOfPath="5" distanceFromTarget="0"/>
</bubble>

<session>
<bubble game_id="G3" bubbleName="IdentifySize" bubbleLevel="1" start="2011-01-05T10:43:45" bubbleStatus="Enjoy" numAttempts="2" globalScore="0.061" scoreToEnjoy="-2.4495" scoreToComplete="2.4495" bubbleDuration="0" accompanied="false" passCounter="0" failCounter="0" enjoyedCounter="0">
  <task/>
  <task success="true" taskScore="0.7746" globalScore="0.7746" time="0" timeFirstMove="0" goal="orange" badMoveCounter="0" numberOfObjects="4" numberOfGoal="1"/>
  <task success="true" taskScore="0.5774" globalScore="1.352" time="0" timeFirstMove="0" goal="orange" badMoveCounter="0" numberOfObjects="4" numberOfGoal="2"/>
  <task success="true" taskScore="-1.291" globalScore="0.061" time="0" timeFirstMove="0" goal="yellow" badMoveCounter="1" numberOfObjects="4" numberOfGoal="1">
    <failed taskScore="-1.291" time="0" goal="yellow" currentMove="yellow"/>
  </task>
</bubble>

<session>
<bubble game_id="G3" bubbleName="Identify5Frame" bubbleLevel="1" start="2011-01-01T11:0:59" bubbleStatus="Passed" numAttempts="3" globalScore="4.9497" scoreToEnjoy="-2.6458" scoreToComplete="2.6458" bubbleDuration="0" accompanied="false" passCounter="2" failCounter="0" enjoyedCounter="0">
  <task/>
  <task success="true" taskScore="0.7071" globalScore="0.7071" time="0" timeFirstMove="0" goal="1" badMoveCounter="0" numberOfObjects="3" numberOfGoal="1"/>
  <task success="true" taskScore="0.7071" globalScore="1.4142" time="0" timeFirstMove="0" goal="2" badMoveCounter="0" numberOfObjects="3" numberOfGoal="1"/>
  <task success="true" taskScore="0.7071" globalScore="2.1213" time="0" timeFirstMove="0" goal="1" badMoveCounter="0" numberOfObjects="3" numberOfGoal="1"/>
  <task success="true" taskScore="0.7071" globalScore="2.8284" time="0" timeFirstMove="0" goal="2" badMoveCounter="0" numberOfObjects="3" numberOfGoal="1"/>
  <task success="true" taskScore="0.7071" globalScore="3.5355" time="0" timeFirstMove="0" goal="1" badMoveCounter="0" numberOfObjects="3" numberOfGoal="1"/>
  <task success="true" taskScore="0.7071" globalScore="4.2426" time="0" timeFirstMove="0" goal="2" badMoveCounter="0" numberOfObjects="3" numberOfGoal="1"/>
  <bubble_status_changed id="Identify5Frame_1" Status="false" LastOutcome="Passed"/>
</bubble>

<bubble game_id="G3" bubbleName="IdentifyDiceDots" bubbleLevel="1" start="2011-01-01T11:02:26" bubbleStatus="Passed" numAttempts="3" globalScore="4.9497" scoreToEnjoy="-2.6458" scoreToComplete="2.6458" bubbleDuration="0" accompanied="false" passCounter="2" failCounter="0" enjoyedCounter="0">
  <task/>
  <task success="true" taskScore="0.7071" globalScore="0.7071" time="0" timeFirstMove="0" goal="2" badMoveCounter="0" numberOfObjects="3" numberOfGoal="1"/>
  <task success="true" taskScore="0.7071" globalScore="1.4142" time="0" timeFirstMove="0" goal="3" badMoveCounter="0" numberOfObjects="3" numberOfGoal="1"/>
  <task success="true" taskScore="0.7071" globalScore="2.1213" time="0" timeFirstMove="0" goal="2" badMoveCounter="0" numberOfObjects="3" numberOfGoal="1"/>
  <task success="true" taskScore="0.7071" globalScore="2.8284" time="0" timeFirstMove="0" goal="1" badMoveCounter="0" numberOfObjects="3" numberOfGoal="1"/>
  <task success="true" taskScore="0.7071" globalScore="3.5355" time="0" timeFirstMove="0" goal="2" badMoveCounter="0" numberOfObjects="3" numberOfGoal="1"/>
  <task success="true" taskScore="0.7071" globalScore="4.2426" time="0" timeFirstMove="0" goal="3" badMoveCounter="0" numberOfObjects="3" numberOfGoal="1"/>
  <bubble_status_changed id="IdentifyDiceDots_1" Status="false" LastOutcome="Passed"/>
</bubble>
<sessionTime startTime="Mon Feb 7 11:00:46 GMT-0700 2011" playDuration="89.92" finishTime="Mon Feb 7 12:30:41 GMT-0700 2011"/>
</session>

<session>
<bubble game_id="G1" bubbleName="IdentifyFinger" bubbleLevel="1" start="2011-01-02T10:21:15" bubbleStatus="Enjoy" numAttempts="2" globalScore="0.6831" scoreToEnjoy="-2.6458" scoreToComplete="2.6458" bubbleDuration="43.5" accompanied="false" passCounter="0" failCounter="0" enjoyedCounter="1">
  <task/>
  <task success="true" taskScore="-1.5275" globalScore="-1.5275" time="7.5" timeFirstMove="2.25" goal="2" badMoveCounter="1" numberOfObjects="5" numberOfGoal="2">
    <failed taskScore="-1.5275" time="2.25" goal="2" currentMove="NUMBER1"/>
  </task>
  <task success="true" taskScore="0.8165" globalScore="-0.711" time="3" timeFirstMove="3" goal="1" badMoveCounter="0" numberOfObjects="5" numberOfGoal="1"/>
  <task success="true" taskScore="-1.2247" globalScore="-1.9357" time="21" timeFirstMove="9.5" goal="3" badMoveCounter="2" numberOfObjects="5" numberOfGoal="1">
    <failed taskScore="-1.2247" time="9.5" goal="3" currentMove="NUMBER2"/>
    <failed taskScore="-1.2247" time="15.25" goal="3" currentMove="NUMBER2"/>
  </task>
  <task success="true" taskScore="0.6547" globalScore="-1.281" time="3.5" timeFirstMove="3.5" goal="2" badMoveCounter="0" numberOfObjects="5" numberOfGoal="2"/>
  <task success="true" taskScore="0.6547" globalScore="-0.6263" time="3" timeFirstMove="3" goal="3" badMoveCounter="0" numberOfObjects="5" numberOfGoal="2"/>
  <task success="true" taskScore="0.6547" globalScore="0.0284" time="2.5" timeFirstMove="2.5" goal="1" badMoveCounter="0" numberOfObjects="5" numberOfGoal="2"/>
  <bubble_status_changed id="IdentifyFinger_1" Status="true" LastOutcome="Enjoy"/>
</bubble>

<bubble game_id="G2" bubbleName="IdentifyShape" bubbleLevel="1" start="2011-01-02T10:22:30" bubbleStatus="Enjoy" numAttempts="2" globalScore="0.2071" scoreToEnjoy="-2.2361" scoreToComplete="2.2361" bubbleDuration="1.75" accompanied="false" passCounter="0" failCounter="0" enjoyedCounter="1">
  <task shapeAttempts="0" success="true" taskScore="0.6547" globalScore="0.6547" time="1.75" timeFirstMove="1.75" goal="Square" badMoveCounter="0" numberOfObjects="5" numberOfGoal="2"/>
  <task shapeAttempts="0" success="true" taskScore="0.5774" globalScore="1.2321" time="0" timeFirstMove="0" goal="Rectangle" badMoveCounter="0" numberOfObjects="4" numberOfGoal="2"/>
  <task shapeAttempts="0" success="true" taskScore="0.7071" globalScore="1.9392" time="0" timeFirstMove="0" goal="Triangle" badMoveCounter="0" numberOfObjects="3" numberOfGoal="1"/>
  <task shapeAttempts="0" success="true" taskScore="-1.7321" globalScore="0.2071" time="0" timeFirstMove="0" goal="Square" badMoveCounter="2" numberOfObjects="2" numberOfGoal="1">
    <failed taskScore="-1.7321" time="0" goal="Square" currentMove="Rectangle"/>
    <failed taskScore="-1.7321" time="0" goal="Square" currentMove="Rectangle"/>
  </task>
  <bubble_status_changed id="IdentifyShape_1" Status="true" LastOutcome="Enjoy"/>
</bubble>

<bubble game_id="G2" bubbleName="IdentifyColor" bubbleLevel="2" start="2011-01-02T10:23:05" bubbleStatus="Enjoy" numAttempts="2" globalScore="2.6875" scoreToEnjoy="-3.3166" scoreToComplete="3.3166" bubbleDuration="1.75" accompanied="false" passCounter="0" failCounter="0" enjoyedCounter="1">
  <task shapeAttempts="0" success="true" taskScore="0.8321" globalScore="0.8321" time="1.75" timeFirstMove="1.75" goal="Yellow" badMoveCounter="0" numberOfObjects="11" numberOfGoal="2"/>
  <task shapeAttempts="0" success="true" taskScore="-1.2247" globalScore="-0.3926" time="0" timeFirstMove="0" goal="Orange" badMoveCounter="2" numberOfObjects="10" numberOfGoal="2">
    <failed taskScore="-1.2247" time="0" goal="Orange" currentMove="Red"/>
    <failed taskScore="-1.2247" time="0" goal="Orange" currentMove="Red"/>
  </task>
  <task shapeAttempts="0" success="true" taskScore="0.7977" globalScore="0.4051" time="0" timeFirstMove="0" goal="Blue" badMoveCounter="0" numberOfObjects="9" numberOfGoal="2"/>
  <task shapeAttempts="0" success="true" taskScore="0.8819" globalScore="1.287" time="0" timeFirstMove="0" goal="Orange" badMoveCounter="0" numberOfObjects="8" numberOfGoal="1"/>
  <task shapeAttempts="0" success="true" taskScore="-1.5811" globalScore="-0.2941" time="0" timeFirstMove="0" goal="Green" badMoveCounter="1" numberOfObjects="7" numberOfGoal="3">
    <failed taskScore="-1.5811" time="0" goal="Green" currentMove="Red"/>
  </task>
  <task shapeAttempts="0" success="true" taskScore="0.8452" globalScore="0.5511" time="0" timeFirstMove="0" goal="Blue" badMoveCounter="0" numberOfObjects="6" numberOfGoal="1"/>
  <task shapeAttempts="0" success="true" taskScore="0.6547" globalScore="1.2058" time="0" timeFirstMove="0" goal="Green" badMoveCounter="0" numberOfObjects="5" numberOfGoal="2"/>
  <task shapeAttempts="0" success="true" taskScore="0.7746" globalScore="1.9804" time="0" timeFirstMove="0" goal="Yellow" badMoveCounter="0" numberOfObjects="4" numberOfGoal="1"/>
  <task shapeAttempts="0" success="true" taskScore="0.7071" globalScore="2.6875" time="0" timeFirstMove="0" goal="Green" badMoveCounter="0" numberOfObjects="3" numberOfGoal="1"/>
  <task shapeAttempts="2" success="true" taskScore="0" globalScore="2.6875" time="0" timeFirstMove="0" goal="Red" badMoveCounter="0" numberOfObjects="2" numberOfGoal="2"/>
  <bubble_status_changed id="IdentifyColor_2" Status="true" LastOutcome="Enjoy"/>
</bubble>

<bubble game_id="G2" bubbleName="IdentifyColor" bubbleLevel="2" start="2011-01-02T10:24:10" bubbleStatus="Enjoy" numAttempts="3" globalScore="2.4023" scoreToEnjoy="-3.3166" scoreToComplete="3.3166" bubbleDuration="3.75" accompanied="false" passCounter="0" failCounter="0" enjoyedCounter="2">
  <task shapeAttempts="0" success="true" taskScore="0.8321" globalScore="0.8321" time="3.75" timeFirstMove="3.75" goal="Green" badMoveCounter="0" numberOfObjects="11" numberOfGoal="2"/>
  <task shapeAttempts="0" success="true" taskScore="0.8165" globalScore="1.6486" time="0" timeFirstMove="0" goal="Orange" badMoveCounter="0" numberOfObjects="10" numberOfGoal="2"/>
  <task shapeAttempts="0" success="true" taskScore="0.7977" globalScore="2.4463" time="0" timeFirstMove="0" goal="Blue" badMoveCounter="0" numberOfObjects="9" numberOfGoal="2"/>
  <task shapeAttempts="0" success="true" taskScore="-1.291" globalScore="1.1553" time="0" timeFirstMove="0" goal="Red" badMoveCounter="1" numberOfObjects="8" numberOfGoal="2">
    <failed taskScore="-1.291" time="0" goal="Red" currentMove="Blue"/>
  </task>
  <task shapeAttempts="0" success="true" taskScore="0.866" globalScore="2.0213" time="0" timeFirstMove="0" goal="Orange" badMoveCounter="0" numberOfObjects="7" numberOfGoal="1"/>
  <task shapeAttempts="0" success="true" taskScore="0.8452" globalScore="2.8665" time="0" timeFirstMove="0" goal="Red" badMoveCounter="0" numberOfObjects="6" numberOfGoal="1"/>
  <task shapeAttempts="1" success="true" taskScore="0.8165" globalScore="3.683" time="0" timeFirstMove="0" goal="Blue" badMoveCounter="0" numberOfObjects="5" numberOfGoal="1"/>
  <task shapeAttempts="0" success="true" taskScore="0.378" globalScore="4.061" time="0" timeFirstMove="0" goal="Yellow" badMoveCounter="0" numberOfObjects="4" numberOfGoal="3"/>
  <task shapeAttempts="0" success="true" taskScore="-2.2361" globalScore="1.8249" time="0" timeFirstMove="0" goal="Yellow" badMoveCounter="2" numberOfObjects="3" numberOfGoal="2">
    <failed taskScore="-2.2361" time="0" goal="Yellow" currentMove="Green"/>
    <failed taskScore="-2.2361" time="0" goal="Yellow" currentMove="Green"/>
  </task>
  <task shapeAttempts="2" success="true" taskScore="0.5774" globalScore="2.4023" time="0" timeFirstMove="0" goal="Green" badMoveCounter="0" numberOfObjects="2" numberOfGoal="1"/>
</bubble>

<bubble game_id="G3" bubbleName="IdentifyColor" bubbleLevel="2" start="2011-01-02T10:25:24" bubbleStatus="Passed" numAttempts="5" globalScore="2.7242" scoreToEnjoy="-2.4495" scoreToComplete="2.4495" bubbleDuration="0" accompanied="false" passCounter="2" failCounter="0" enjoyedCounter="2">
  <task/>
  <task success="true" taskScore="0.6742" globalScore="0.6742" time="0" timeFirstMove="0" goal="red" badMoveCounter="0" numberOfObjects="8" numberOfGoal="3"/>
  <task success="true" taskScore="0.7977" globalScore="1.4719" time="0" timeFirstMove="0" goal="yellow" badMoveCounter="0" numberOfObjects="9" numberOfGoal="2"/>
  <task success="true" taskScore="0.9045" globalScore="2.3764" time="0" timeFirstMove="0" goal="orange" badMoveCounter="0" numberOfObjects="10" numberOfGoal="1"/>
  <task success="true" taskScore="0.7746" globalScore="3.151" time="0" timeFirstMove="0" goal="blue" badMoveCounter="0" numberOfObjects="8" numberOfGoal="2"/>
  <task success="true" taskScore="-1.1339" globalScore="2.0171" time="0" timeFirstMove="0" goal="blue" badMoveCounter="1" numberOfObjects="8" numberOfGoal="1">
    <failed taskScore="-1.1339" time="0" goal="blue" currentMove="orange"/>
  </task>
  <bubble_status_changed id="IdentifyColor_2" Status="false" LastOutcome="Passed"/>
</bubble>

<bubble game_id="G2" bubbleName="IdentifyShape" bubbleLevel="1" start="2011-01-02T10:26:56" bubbleStatus="Passed" numAttempts="4" globalScore="2.7464" scoreToEnjoy="-2.4495" scoreToComplete="2.4495" bubbleDuration="2.75" accompanied="false" passCounter="2" failCounter="0" enjoyedCounter="1">
  <task shapeAttempts="0" success="true" taskScore="0.4472" globalScore="0.4472" time="2.75" timeFirstMove="2.75" goal="Triangle" badMoveCounter="0" numberOfObjects="6" numberOfGoal="4"/>
  <task shapeAttempts="0" success="true" taskScore="0.5" globalScore="0.9472" time="0" timeFirstMove="0" goal="Triangle" badMoveCounter="0" numberOfObjects="5" numberOfGoal="3"/>
  <task shapeAttempts="0" success="true" taskScore="0.7746" globalScore="1.7218" time="0" timeFirstMove="0" goal="Circle" badMoveCounter="0" numberOfObjects="4" numberOfGoal="1"/>
  <task shapeAttempts="0" success="true" taskScore="0.4472" globalScore="2.169" time="0" timeFirstMove="0" goal="Triangle" badMoveCounter="0" numberOfObjects="3" numberOfGoal="2"/>
  <task shapeAttempts="0" success="true" taskScore="0.5774" globalScore="2.7464" time="0" timeFirstMove="0" goal="Square" badMoveCounter="0" numberOfObjects="2" numberOfGoal="1"/>
  <bubble_status_changed id="IdentifyShape_1" Status="false" LastOutcome="Passed"/>
</bubble>

<bubble game_id="G1" bubbleName="IdentifySize" bubbleLevel="1" start="2011-01-02T10:27:30" bubbleStatus="Passed" numAttempts="4" globalScore="3.577" scoreToEnjoy="-2.4495" scoreToComplete="2.4495" bubbleDuration="18.75" accompanied="false" passCounter="2" failCounter="0" enjoyedCounter="0">
  <task/>
  <task success="true" taskScore="0.5222" globalScore="0.5222" time="2.75" timeFirstMove="2.75" goal="Big" badMoveCounter="0" numberOfObjects="7" numberOfGoal="4"/>
  <task success="true" taskScore="0.5222" globalScore="1.0444" time="4" timeFirstMove="4" goal="Small" badMoveCounter="0" numberOfObjects="7" numberOfGoal="4"/>
  <task success="true" taskScore="0.7454" globalScore="1.7898" time="3" timeFirstMove="3" goal="Big" badMoveCounter="0" numberOfObjects="7" numberOfGoal="2"/>
  <task success="true" taskScore="0.5222" globalScore="2.312" time="2.5" timeFirstMove="2.5" goal="Big" badMoveCounter="0" numberOfObjects="7" numberOfGoal="4"/>
  <task success="true" taskScore="0.6325" globalScore="2.9445" time="3" timeFirstMove="3" goal="Small" badMoveCounter="0" numberOfObjects="7" numberOfGoal="3"/>
  <bubble_status_changed id="IdentifySize_1" Status="false" LastOutcome="Passed"/>
</bubble>

<bubble game_id="G1" bubbleName="IdentifySize" bubbleLevel="2" start="2011-01-02T10:28:14" bubbleStatus="Enjoy" numAttempts="2" globalScore="1.8235" scoreToEnjoy="-2.4495" scoreToComplete="2.4495" bubbleDuration="30.25" accompanied="false" passCounter="0" failCounter="0" enjoyedCounter="1">
  <task/>
  <task success="true" taskScore="-1.3416" globalScore="-1.3416" time="10.25" timeFirstMove="4" goal="Small" badMoveCounter="1" numberOfObjects="7" numberOfGoal="2">
    <failed taskScore="-1.3416" time="4" goal="Small" currentMove="Big"/>
  </task>
  <task success="true" taskScore="0.7454" globalScore="-0.5962" time="4.75" timeFirstMove="4.75" goal="Small" badMoveCounter="0" numberOfObjects="7" numberOfGoal="2"/>
  <task success="true" taskScore="0.6325" globalScore="0.0363" time="3.75" timeFirstMove="3.75" goal="Big" badMoveCounter="0" numberOfObjects="7" numberOfGoal="3"/>
  <task success="true" taskScore="0.5222" globalScore="0.5585" time="2.75" timeFirstMove="2.75" goal="Small" badMoveCounter="0" numberOfObjects="7" numberOfGoal="4"/>
  <task success="true" taskScore="0.6325" globalScore="1.191" time="6" timeFirstMove="6" goal="Small" badMoveCounter="0" numberOfObjects="7" numberOfGoal="3"/>
  <bubble_status_changed id="IdentifySize_2" Status="true" LastOutcome="Enjoy"/>
</bubble>

<bubble game_id="G1" bubbleName="IdentifySize" bubbleLevel="2" start="2011-01-02T10:29:13" bubbleStatus="Passed" numAttempts="4" globalScore="3.9105" scoreToEnjoy="-2.4495" scoreToComplete="2.4495" bubbleDuration="19" accompanied="false" passCounter="2" failCounter="0" enjoyedCounter="1">
  <task/>
  <task success="true" taskScore="0.6325" globalScore="0.6325" time="2.5" timeFirstMove="2.5" goal="Big" badMoveCounter="0" numberOfObjects="7" numberOfGoal="3"/>
  <task success="true" taskScore="0.7454" globalScore="1.3779" time="4.25" timeFirstMove="4.25" goal="Small" badMoveCounter="0" numberOfObjects="7" numberOfGoal="2"/>
  <task success="true" taskScore="0.6325" globalScore="2.0104" time="4.25" timeFirstMove="4.25" goal="Small" badMoveCounter="0" numberOfObjects="7" numberOfGoal="3"/>
  <task success="true" taskScore="0.6325" globalScore="2.6429" time="2.5" timeFirstMove="2.5" goal="Big" badMoveCounter="0" numberOfObjects="7" numberOfGoal="3"/>
  <task success="true" taskScore="0.7454" globalScore="3.3883" time="2.5" timeFirstMove="2.5" goal="Small" badMoveCounter="0" numberOfObjects="7" numberOfGoal="2"/>
  <bubble_status_changed id="IdentifySize_2" Status="false" LastOutcome="Passed"/>
</bubble>

<bubble game_id="G1" bubbleName="SpatialSense" bubbleLevel="1" start="2011-01-02T10:29:53" bubbleStatus="Passed" numAttempts="3" globalScore="5" scoreToEnjoy="3" scoreToComplete="4" bubbleDuration="49" accompanied="false" passCounter="2" failCounter="0" enjoyedCounter="0">
  <task/>
  <task initialTile="[ x : 0 y : 2 ] " success="true" taskScore="1" globalScore="1" time="11.25" timeFirstMove="7.75" goal="[ x : 0 y : 5 ] " badMoveCounter="0" numBackTracks="0" lengthOfOptimalPath="3" lengthOfPath="3" distanceFromTarget="0"/>
  <task initialTile="[ x : 8 y : 6 ] " success="true" taskScore="1" globalScore="2" time="9" timeFirstMove="3.75" goal="[ x : 8 y : 2 ] " badMoveCounter="0" numBackTracks="0" lengthOfOptimalPath="4" lengthOfPath="4" distanceFromTarget="0"/>
  <task initialTile="[ x : 1 y : 2 ] " success="true" taskScore="1" globalScore="3" time="9.25" timeFirstMove="4.5" goal="[ x : 1 y : 6 ] " badMoveCounter="0" numBackTracks="0" lengthOfOptimalPath="4" lengthOfPath="4" distanceFromTarget="0"/>
  <task initialTile="[ x : 3 y : 4 ] " success="true" taskScore="1" globalScore="4" time="8.5" timeFirstMove="4.75" goal="[ x : 3 y : 1 ] " badMoveCounter="0" numBackTracks="0" lengthOfOptimalPath="3" lengthOfPath="3" distanceFromTarget="0"/>
  <bubble_status_changed id="SpatialSense_1" Status="false" LastOutcome="Passed"/>
</bubble>

<bubble game_id="G1" bubbleName="IdentifyFinger" bubbleLevel="1" start="2011-01-02T10:31:36" bubbleStatus="Passed" numAttempts="4" globalScore="5.0683" scoreToEnjoy="-2.6458" scoreToComplete="2.6458" bubbleDuration="21" accompanied="false" passCounter="2" failCounter="0" enjoyedCounter="1">
  <task/>
  <task success="true" taskScore="0.8165" globalScore="0.8165" time="2.5" timeFirstMove="2.5" goal="3" badMoveCounter="0" numberOfObjects="5" numberOfGoal="1"/>
  <task success="true" taskScore="0.6547" globalScore="1.4712" time="2.75" timeFirstMove="2.75" goal="2" badMoveCounter="0" numberOfObjects="5" numberOfGoal="2"/>
  <task success="true" taskScore="0.8165" globalScore="2.2877" time="2.5" timeFirstMove="2.5" goal="3" badMoveCounter="0" numberOfObjects="5" numberOfGoal="1"/>
  <task success="true" taskScore="0.6547" globalScore="2.9424" time="3" timeFirstMove="3" goal="2" badMoveCounter="0" numberOfObjects="5" numberOfGoal="2"/>
  <task success="true" taskScore="0.6547" globalScore="3.5971" time="4" timeFirstMove="4" goal="3" badMoveCounter="0" numberOfObjects="5" numberOfGoal="2"/>
  <task success="true" taskScore="0.8165" globalScore="4.4136" time="3.25" timeFirstMove="3.25" goal="2" badMoveCounter="0" numberOfObjects="5" numberOfGoal="1"/>
  <bubble_status_changed id="IdentifyFinger_1" Status="false" LastOutcome="Passed"/>
</bubble>

<bubble game_id="G2" bubbleName="MatchShape" bubbleLevel="2" start="2011-01-02T10:32:31" bubbleStatus="Passed" numAttempts="3" globalScore="4.9497" scoreToEnjoy="-2.6458" scoreToComplete="2.6458" bubbleDuration="14" accompanied="false" passCounter="2" failCounter="0" enjoyedCounter="0">
  <task shapeAttempts="0" success="true" taskScore="0.7071" globalScore="0.7071" time="14" timeFirstMove="14" goal="Rectangle" badMoveCounter="0" numberOfObjects="3" numberOfGoal="1"/>
  <task shapeAttempts="0" success="true" taskScore="0.7071" globalScore="1.4142" time="0" timeFirstMove="0" goal="Triangle" badMoveCounter="0" numberOfObjects="3" numberOfGoal="1"/>
  <task shapeAttempts="0" success="true" taskScore="0.7071" globalScore="2.1213" time="0" timeFirstMove="0" goal="Rectangle" badMoveCounter="0" numberOfObjects="3" numberOfGoal="1"/>
  <task shapeAttempts="0" success="true" taskScore="0.7071" globalScore="2.8284" time="0" timeFirstMove="0" goal="Triangle" badMoveCounter="0" numberOfObjects="3" numberOfGoal="1"/>
  <task shapeAttempts="0" success="true" taskScore="0.7071" globalScore="3.5355" time="0" timeFirstMove="0" goal="Triangle" badMoveCounter="0" numberOfObjects="3" numberOfGoal="1"/>
  <task shapeAttempts="0" success="true" taskScore="0.7071" globalScore="4.2426" time="0" timeFirstMove="0" goal="Rectangle" badMoveCounter="0" numberOfObjects="3" numberOfGoal="1"/>
  <bubble_status_changed id="MatchShape_2" Status="false" LastOutcome="Passed"/>
</bubble>

<bubble game_id="G3" bubbleName="IdentifyDiceDots" bubbleLevel="2" start="2011-01-02T10:33:53" bubbleStatus="Passed" numAttempts="3" globalScore="2.8578" scoreToEnjoy="-2.4495" scoreToComplete="2.4495" bubbleDuration="0" accompanied="false" passCounter="2" failCounter="0" enjoyedCounter="0">
  <task/>
  <task success="true" taskScore="-1.2247" globalScore="-1.2247" time="0" timeFirstMove="0" goal="5" badMoveCounter="1" numberOfObjects="5" numberOfGoal="1">
    <failed taskScore="-1.2247" time="0" goal="5" currentMove="null"/>
  </task>
  <task success="true" taskScore="0.8165" globalScore="-0.4082" time="0" timeFirstMove="0" goal="1" badMoveCounter="0" numberOfObjects="5" numberOfGoal="1"/>
  <task success="true" taskScore="0.8165" globalScore="0.4083" time="0" timeFirstMove="0" goal="5" badMoveCounter="0" numberOfObjects="5" numberOfGoal="1"/>
  <task success="true" taskScore="0.8165" globalScore="1.2248" time="0" timeFirstMove="0" goal="3" badMoveCounter="0" numberOfObjects="5" numberOfGoal="1"/>
  <task success="true" taskScore="0.8165" globalScore="2.0413" time="0" timeFirstMove="0" goal="1" badMoveCounter="0" numberOfObjects="5" numberOfGoal="1"/>
  <bubble_status_changed id="IdentifyDiceDots_2" Status="false" LastOutcome="Passed"/>
</bubble>

<session>