
<LOG>
  <creationdate>Tue Jan 25 09:27:57 GMT-0700 2011</creationdate>
  <UID>000000014</UID>
  <FIRST_NAME>Ian</FIRST_NAME>
  <LAST_NAME>Lumbra</LAST_NAME>
</LOG>
<session>
<bubble game_id="G3" bubbleName="IdentifyNumeral" bubbleLevel="1" start="2011-0-02T09:28:14" bubbleStatus="NotPlayed" numAttempts="1" globalScore="-4.2426" scoreToEnjoy="-2.6458" scoreToComplete="2.6458" bubbleDuration="0" accompanied="false" passCounter="0" failCounter="0" enjoyedCounter="0">
  <task/>
  <task success="true" taskScore="-1.4142" globalScore="-1.4142" time="0" timeFirstMove="0" goal="2" badMoveCounter="2" numberOfObjects="3" numberOfGoal="1">
    <failed taskScore="-1.4142" time="0" goal="2" currentMove="null"/>
    <failed taskScore="-1.4142" time="0" goal="2" currentMove="null"/>
  </task>
  <task success="true" taskScore="-1.4142" globalScore="-2.8284" time="0" timeFirstMove="0" goal="1" badMoveCounter="1" numberOfObjects="3" numberOfGoal="1">
    <failed taskScore="-1.4142" time="0" goal="1" currentMove="null"/>
  </task>
</bubble>

<bubble game_id="G1" bubbleName="IdentifyDiceDots" bubbleLevel="1" start="2011-0-02T09:31:20" bubbleStatus="NotPlayed" numAttempts="1" globalScore="1.633" scoreToEnjoy="-2.6458" scoreToComplete="2.6458" bubbleDuration="18" accompanied="false" passCounter="0" failCounter="0" enjoyedCounter="0">
  <task/>
  <task success="true" taskScore="0.8165" globalScore="0.8165" time="11.25" timeFirstMove="11.25" goal="1" badMoveCounter="0" numberOfObjects="5" numberOfGoal="1"/>
</bubble>
<sessionTime startTime="Tue Jan 25 09:27:57 GMT-0700 2011" playDuration="3.88" finishTime="Tue Jan 25 09:31:50 GMT-0700 2011"/>
</session>

<session>
<bubble game_id="G3" bubbleName="IdentifyFinger" bubbleLevel="1" start="2011-01-05T10:54:49" bubbleStatus="NotPlayed" numAttempts="1" globalScore="-1.4142" scoreToEnjoy="-2.6458" scoreToComplete="2.6458" bubbleDuration="0" accompanied="false" passCounter="0" failCounter="0" enjoyedCounter="0">
  <task/>
</bubble>
<sessionTime startTime="Fri Feb 4 10:54:43 GMT-0700 2011" playDuration="172.82" finishTime="Fri Feb 4 13:47:32 GMT-0700 2011"/>
</session>

<session>
<session><sessionTime startTime="Wed Feb 23 20:54:36 GMT-0600 2011" playDuration="0.03" finishTime="Wed Feb 23 20:54:38 GMT-0600 2011"/>
</session>
