
<KID>
  <UID>000000011</UID>
  <FIRST_NAME>Melissa</FIRST_NAME>
  <LAST_NAME>Granados</LAST_NAME>
  <AGE>4</AGE>
  <PRIMARY_LANGUAGE>SPA</PRIMARY_LANGUAGE>
  <GAME_LANGUAGE>ENG</GAME_LANGUAGE>
  <FIRST_TIME>true</FIRST_TIME>
  <BUBBLE_STATUS>
    <BUBBLE>
      <BUBBLE_ID>IdentifyColor_1</BUBBLE_ID>
      <STATUS>Enjoy</STATUS>
      <ACTIVE>true</ACTIVE>
      <NUM_ATTEMPTS>6</NUM_ATTEMPTS>
    </BUBBLE>
    <BUBBLE>
      <BUBBLE_ID>Identify5Frame_1</BUBBLE_ID>
      <STATUS>Enjoy</STATUS>
      <ACTIVE>true</ACTIVE>
      <NUM_ATTEMPTS>3</NUM_ATTEMPTS>
    </BUBBLE>
    <BUBBLE>
      <BUBBLE_ID>IdentifySize_1</BUBBLE_ID>
      <STATUS>NotComplete</STATUS>
      <ACTIVE>true</ACTIVE>
      <NUM_ATTEMPTS>8</NUM_ATTEMPTS>
    </BUBBLE>
    <BUBBLE>
      <BUBBLE_ID>IdentifyFinger_1</BUBBLE_ID>
      <STATUS>Passed</STATUS>
      <ACTIVE>false</ACTIVE>
      <NUM_ATTEMPTS>3</NUM_ATTEMPTS>
    </BUBBLE>
    <BUBBLE>
      <BUBBLE_ID>IdentifyDiceDots_1</BUBBLE_ID>
      <STATUS>NotComplete</STATUS>
      <ACTIVE>true</ACTIVE>
      <NUM_ATTEMPTS>10</NUM_ATTEMPTS>
    </BUBBLE>
    <BUBBLE>
      <BUBBLE_ID>IdentifyNumeral_1</BUBBLE_ID>
      <STATUS>NotPlayed</STATUS>
      <ACTIVE>true</ACTIVE>
      <NUM_ATTEMPTS>1</NUM_ATTEMPTS>
    </BUBBLE>
    <BUBBLE>
      <BUBBLE_ID>MatchShape_1</BUBBLE_ID>
      <STATUS>Passed</STATUS>
      <ACTIVE>false</ACTIVE>
      <NUM_ATTEMPTS>3</NUM_ATTEMPTS>
    </BUBBLE>
    <BUBBLE>
      <BUBBLE_ID>SpatialSense_1</BUBBLE_ID>
      <STATUS>Passed</STATUS>
      <ACTIVE>false</ACTIVE>
      <NUM_ATTEMPTS>3</NUM_ATTEMPTS>
    </BUBBLE>
    <BUBBLE>
      <BUBBLE_ID>IdentifyShape_1</BUBBLE_ID>
      <STATUS>Enjoy</STATUS>
      <ACTIVE>true</ACTIVE>
      <NUM_ATTEMPTS>3</NUM_ATTEMPTS>
    </BUBBLE>
    <BUBBLE>
      <BUBBLE_ID>MatchShape_2</BUBBLE_ID>
      <STATUS>Passed</STATUS>
      <ACTIVE>false</ACTIVE>
      <NUM_ATTEMPTS>3</NUM_ATTEMPTS>
    </BUBBLE>
    <BUBBLE>
      <BUBBLE_ID>MatchShape_3</BUBBLE_ID>
      <STATUS>Passed</STATUS>
      <ACTIVE>false</ACTIVE>
      <NUM_ATTEMPTS>3</NUM_ATTEMPTS>
    </BUBBLE>
    <BUBBLE>
      <BUBBLE_ID>MatchShape_4</BUBBLE_ID>
      <STATUS>Passed</STATUS>
      <ACTIVE>false</ACTIVE>
      <NUM_ATTEMPTS>3</NUM_ATTEMPTS>
    </BUBBLE>
    <BUBBLE>
      <BUBBLE_ID>MatchShape_5</BUBBLE_ID>
      <STATUS>Passed</STATUS>
      <ACTIVE>false</ACTIVE>
      <NUM_ATTEMPTS>3</NUM_ATTEMPTS>
    </BUBBLE>
    <BUBBLE>
      <BUBBLE_ID>MatchShape_6</BUBBLE_ID>
      <STATUS>Enjoy</STATUS>
      <ACTIVE>true</ACTIVE>
      <NUM_ATTEMPTS>2</NUM_ATTEMPTS>
    </BUBBLE>
    <BUBBLE>
      <BUBBLE_ID>IdentifyDiceDots_2</BUBBLE_ID>
      <STATUS>Failed</STATUS>
      <ACTIVE>false</ACTIVE>
      <NUM_ATTEMPTS>2</NUM_ATTEMPTS>
    </BUBBLE>
    <BUBBLE>
      <BUBBLE_ID>IdentifyFinger_2</BUBBLE_ID>
      <STATUS>NotPlayed</STATUS>
      <ACTIVE>true</ACTIVE>
      <NUM_ATTEMPTS>1</NUM_ATTEMPTS>
    </BUBBLE>
    <BUBBLE>
      <BUBBLE_ID>IdentifySize_2</BUBBLE_ID>
      <STATUS>Failed</STATUS>
      <ACTIVE>false</ACTIVE>
      <NUM_ATTEMPTS>2</NUM_ATTEMPTS>
    </BUBBLE>
    <BUBBLE>
      <BUBBLE_ID>SpatialSense_2</BUBBLE_ID>
      <STATUS>NotPlayed</STATUS>
      <ACTIVE>true</ACTIVE>
      <NUM_ATTEMPTS>1</NUM_ATTEMPTS>
    </BUBBLE>
  </BUBBLE_STATUS>
</KID>